<?xml version="1.0" encoding="UTF-8"?>

<opml version="1.0">
    <head>
        <title>David subscriptions in feedly Cloud</title>
    </head>
    <body>
        <outline text="RightWing" title="RightWing">
            <outline type="rss" text="Coolidge Foundation" title="Coolidge Foundation" xmlUrl="https://coolidgefoundation.org/feed" htmlUrl="https://coolidgefoundation.org"/>
            <outline type="rss" text="Federalist" title="Federalist" xmlUrl="https://thefederalist.com/feed/" htmlUrl="https://thefederalist.com"/>
            <outline type="rss" text="One America News Network" title="One America News Network" xmlUrl="http://www.oann.com/feed/" htmlUrl="https://www.oann.com"/>
            <outline type="rss" text="Christian Today" title="Christian Today" xmlUrl="http://www.christiantoday.com/rss/feed.xml" htmlUrl="https://www.christiantoday.com/"/>
            <outline type="rss" text="Hoover Institution" title="Hoover Institution" xmlUrl="https://www.youtube.com/feeds/videos.xml?channel_id=UCzWwWbbKHg4aodl0S35R6XA" htmlUrl="https://www.youtube.com/channel/UCzWwWbbKHg4aodl0S35R6XA"/>
            <outline type="rss" text="Family Research Council" title="Family Research Council" xmlUrl="http://www.frc.org/rss/rss_WU.xml" htmlUrl="http://www.frc.org/"/>
            <outline type="rss" text="World News" title="World News" xmlUrl="https://world.wng.org/rss.xml" htmlUrl="https://wng.org/"/>
            <outline type="rss" text="Christian Coalition" title="Christian Coalition" xmlUrl="https://cc.org/feed/" htmlUrl="https://cc.org"/>
            <outline type="rss" text="Tulsi Gabbard Videos" title="Tulsi Gabbard Videos" xmlUrl="https://www.youtube.com/feeds/videos.xml?channel_id=UCBTNyrZoiTweJ1PZsJgdWTA" htmlUrl="https://www.youtube.com/channel/UCBTNyrZoiTweJ1PZsJgdWTA"/>
            <outline type="rss" text="American Spectator" title="American Spectator" xmlUrl="http://spectator.org/feed" htmlUrl="https://spectator.org"/>
            <outline type="rss" text="Christopher F. Rufo" title="Christopher F. Rufo" xmlUrl="https://christopherrufo.com/feed/" htmlUrl="https://christopherrufo.com"/>
            <outline type="rss" text="Charisma News" title="Charisma News" xmlUrl="https://www.charismanews.com/?format=feed&amp;type=rss" htmlUrl="https://www.charismanews.com/"/>
            <outline type="rss" text="Common Sense with Bari Weiss" title="Common Sense with Bari Weiss" xmlUrl="https://bariweiss.substack.com/feed" htmlUrl="https://bariweiss.substack.com"/>
            <outline type="rss" text="WorldNet Daily" title="WorldNet Daily" xmlUrl="https://www.wnd.com/feed/" htmlUrl="https://www.wnd.com"/>
            <outline type="rss" text="Neil Shenvi" title="Neil Shenvi" xmlUrl="https://shenviapologetics.com/feed/" htmlUrl="https://shenviapologetics.com"/>
            <outline type="rss" text="Patriot Post" title="Patriot Post" xmlUrl="https://patriotpost.us/rss" htmlUrl="https://patriotpost.us"/>
            <outline type="rss" text="CBNNews.com" title="CBNNews.com" xmlUrl="http://www.cbn.com/cbnnews/shows/cwn/feed/" htmlUrl="http://www.cbn.com/cbnnews/feed/"/>
            <outline type="rss" text="Critical Race Theory" title="Critical Race Theory" xmlUrl="https://www.edweek.org/critical-race-theory.rss" htmlUrl="https://www.edweek.org/critical-race-theory"/>
            <outline type="rss" text="Human Events" title="Human Events" xmlUrl="https://humanevents.com/feed/" htmlUrl="https://humanevents.com"/>
            <outline type="rss" text="Mario Murillo Ministries" title="Mario Murillo Ministries" xmlUrl="https://mariomurillo.org/feed/" htmlUrl="https://mariomurillo.org"/>
            <outline type="rss" text="Massachusetts GOP" title="Massachusetts GOP" xmlUrl="https://massgop.com/feed/" htmlUrl="https://massgop.com"/>
            <outline type="rss" text="American Renaissance" title="American Renaissance" xmlUrl="http://www.amren.com/feed/" htmlUrl="https://www.amren.com"/>
            <outline type="rss" text="Christianity Today" title="Christianity Today" xmlUrl="http://feeds.christianitytoday.com/christianitytoday/ctmag" htmlUrl="http://ChristianityToday.com/"/>
            <outline type="rss" text="Rod Dreher – The American Conservative" title="Rod Dreher – The American Conservative" xmlUrl="http://www.theamericanconservative.com/dreher/feed/" htmlUrl="https://www.theamericanconservative.com"/>
            <outline type="rss" text="Religion News Service" title="Religion News Service" xmlUrl="http://feeds.feedburner.com/religion-news-service" htmlUrl="https://religionnews.com"/>
            <outline type="rss" text="New Boston Post" title="New Boston Post" xmlUrl="https://newbostonpost.com/feed/" htmlUrl="https://newbostonpost.com"/>
            <outline type="rss" text="National Legal Foundation" title="National Legal Foundation" xmlUrl="https://nationallegalfoundation.org/feed/" htmlUrl="https://nationallegalfoundation.org"/>
            <outline type="rss" text="Congressional Prayer Caucus" title="Congressional Prayer Caucus" xmlUrl="https://www.google.com/alerts/feeds/14863455328690499745/12520018515691247425"/>
            <outline type="rss" text="Gilder Lehrman Institute of American History" title="Gilder Lehrman Institute of American History" xmlUrl="https://www.gilderlehrman.org/rss.xml" htmlUrl="https://www.gilderlehrman.org/"/>
            <outline type="rss" text="Daily Signal" title="Daily Signal" xmlUrl="http://dailysignal.com/feed/" htmlUrl="https://www.dailysignal.com/"/>
            <outline type="rss" text="Tea Party" title="Tea Party" xmlUrl="http://www.teaparty.org/feed/" htmlUrl="https://teaparty.org"/>
            <outline type="rss" text="Americans United for Life" title="Americans United for Life" xmlUrl="http://www.aul.org/feed/" htmlUrl="https://aul.org"/>
            <outline type="rss" text="Teaching American History" title="Teaching American History" xmlUrl="https://teachingamericanhistory.org/feed/" htmlUrl="https://teachingamericanhistory.org"/>
            <outline type="rss" text="Catholic League" title="Catholic League" xmlUrl="http://www.catholicleague.org/feed/" htmlUrl="https://www.catholicleague.org"/>
            <outline type="rss" text="RealClearReligion - Homepage" title="RealClearReligion - Homepage" xmlUrl="http://www.realclearreligion.org/index.xml" htmlUrl="https://www.realclearreligion.org"/>
            <outline type="rss" text="House Republican Leader" title="House Republican Leader" xmlUrl="http://feeds.feedburner.com/RepLeaderBlog" htmlUrl="https://www.republicanleader.gov"/>
            <outline type="rss" text="Christian Post Politics" title="Christian Post Politics" xmlUrl="https://www.christianpost.com/category/politics/rss" htmlUrl="https://www.christianpost.com/category/politics"/>
            <outline type="rss" text="Senate Republican Conference" title="Senate Republican Conference" xmlUrl="http://www.republican.senate.gov/public/index.cfm/?a=RSS.Feed" htmlUrl="https://www.republican.senate.gov/public/"/>
            <outline type="rss" text="City Journal" title="City Journal" xmlUrl="https://www.city-journal.org/rss.xml" htmlUrl="https://www.city-journal.org"/>
            <outline type="rss" text="National Center for Public Policy Research" title="National Center for Public Policy Research" xmlUrl="https://nationalcenter.org/feed/" htmlUrl="https://nationalcenter.org"/>
            <outline type="rss" text="National Association of Scholars" title="National Association of Scholars" xmlUrl="https://www.google.com/alerts/feeds/14863455328690499745/17178092970951968811"/>
            <outline type="rss" text="ChristianHeadlines.com" title="ChristianHeadlines.com" xmlUrl="http://www.christianheadlines.com/rss/" htmlUrl="https://www.christianheadlines.com/"/>
            <outline type="rss" text="Christian Post" title="Christian Post" xmlUrl="http://www.christianpost.com/services/rss/feed/" htmlUrl="https://www.christianpost.com/"/>
            <outline type="rss" text="Heritage Foundation" title="Heritage Foundation" xmlUrl="https://www.heritage.org/rss" htmlUrl="https://www.heritage.org/"/>
            <outline type="rss" text="FreedomWorks" title="FreedomWorks" xmlUrl="https://www.freedomworks.org/rss" htmlUrl="https://www.freedomworks.org/feed"/>
            <outline type="rss" text="American Conservative" title="American Conservative" xmlUrl="http://www.theamericanconservative.com/articles/feed/" htmlUrl="https://www.theamericanconservative.com"/>
            <outline type="rss" text="Heritage Foundation Videos" title="Heritage Foundation Videos" xmlUrl="https://www.youtube.com/feeds/videos.xml?channel_id=UC5bEfSFTYQVfLCwkhBt8NtQ" htmlUrl="https://www.youtube.com/channel/UC5bEfSFTYQVfLCwkhBt8NtQ"/>
            <outline type="rss" text="Founders Ministries" title="Founders Ministries" xmlUrl="http://feeds.feedburner.com/FoundersMinistriesBlog" htmlUrl="https://founders.org"/>
            <outline type="rss" text="Gingrich 360" title="Gingrich 360" xmlUrl="https://www.gingrich360.com/feed/" htmlUrl="https://www.gingrich360.com"/>
            <outline type="rss" text="Gilder Lehrman Center for the Study of Slavery, Resistance, and Abolition" title="Gilder Lehrman Center for the Study of Slavery, Resistance, and Abolition" xmlUrl="https://glc.yale.edu/rss.xml" htmlUrl="https://glc.yale.edu"/>
            <outline type="rss" text="Faithwire" title="Faithwire" xmlUrl="http://www.faithwire.com/feed/" htmlUrl="https://www.faithwire.com"/>
            <outline type="rss" text="Capstone Report" title="Capstone Report" xmlUrl="https://capstonereport.com/feed/" htmlUrl="https://capstonereport.com"/>
            <outline type="rss" text="Foundation Against Intolerance &amp; Racism" title="Foundation Against Intolerance &amp; Racism" xmlUrl="https://fairforall.substack.com/feed" htmlUrl="https://fairforall.substack.com"/>
            <outline type="rss" text="Breitbart News" title="Breitbart News" xmlUrl="http://feeds.feedburner.com/breitbart" htmlUrl="https://www.breitbart.com"/>
            <outline type="rss" text="Critical Race Theory" title="Critical Race Theory" xmlUrl="https://www.google.com/alerts/feeds/14863455328690499745/4553939724965345476"/>
            <outline type="rss" text="RSS Feed | The Epoch Times" title="RSS Feed | The Epoch Times" xmlUrl="http://www.theepochtimes.com/n2/feed" htmlUrl="https://www.theepochtimes.com"/>
            <outline type="rss" text="Manhattan Institute | Christopher F. Rufo" title="Manhattan Institute | Christopher F. Rufo" xmlUrl="https://www.manhattan-institute.org/feed/1334/rss.xml" htmlUrl="https://www.manhattan-institute.org/feeds/1334/rss.xml"/>
            <outline type="rss" text="Conservative Review" title="Conservative Review" xmlUrl="https://www.conservativereview.com/feed/" htmlUrl="https://www.conservativereview.com/"/>
            <outline type="rss" text="gop.gov" title="gop.gov" xmlUrl="https://www.gop.gov/feed/" htmlUrl="https://www.gop.gov"/>
            <outline type="rss" text="Glenn Beck" title="Glenn Beck" xmlUrl="http://www.glennbeck.com/feed/" htmlUrl="https://www.glennbeck.com/"/>
            <outline type="rss" text="WallBuilders" title="WallBuilders" xmlUrl="https://wallbuilders.com/feed/" htmlUrl="https://wallbuilders.com"/>
            <outline type="rss" text="Manhattan Institute | Heather Mac Donald" title="Manhattan Institute | Heather Mac Donald" xmlUrl="https://www.manhattan-institute.org/feed/122/rss.xml" htmlUrl="https://www.manhattan-institute.org/feeds/122/rss.xml"/>
            <outline type="rss" text="Claremont Institute" title="Claremont Institute" xmlUrl="https://www.youtube.com/feeds/videos.xml?channel_id=UCajmonR9PMgXxzupzA2r4MA" htmlUrl="https://www.youtube.com/channel/UCajmonR9PMgXxzupzA2r4MA"/>
            <outline type="rss" text="Hannity" title="Hannity" xmlUrl="http://video.foxnews.com/v/feed/playlist/86924.rss" htmlUrl="https://video.foxnews.com/v/feed/playlist/86924.rss"/>
            <outline type="rss" text="Nationalist Wire" title="Nationalist Wire" xmlUrl="https://www.nationalistwire.com/feed/" htmlUrl="https://nationalistwire.com"/>
            <outline type="rss" text="Alliance Defending Freedom" title="Alliance Defending Freedom" xmlUrl="https://adfmedia.org/rss.xml" htmlUrl="https://adfmedia.org/"/>
            <outline type="rss" text="Pioneer Institute" title="Pioneer Institute" xmlUrl="http://pioneerinstitute.org/feed/" htmlUrl="https://pioneerinstitute.org"/>
            <outline type="rss" text="American Conservative Union" title="American Conservative Union" xmlUrl="http://conservative.org/feed/" htmlUrl="https://www.conservative.org"/>
            <outline type="rss" text="Tucker Carlson Tonight" title="Tucker Carlson Tonight" xmlUrl="https://video.foxnews.com/v/feed/playlist/5198073478001.xml?template=fox" htmlUrl="https://video.foxnews.com/?playlist_id=5198073478001"/>
            <outline type="rss" text="Eagle Forum" title="Eagle Forum" xmlUrl="http://feeds.feedburner.com/eagleforum/Thrl" htmlUrl="https://eagleforum.org"/>
            <outline type="rss" text="Gilder Lehrman Institute of American History on Facebook" title="Gilder Lehrman Institute of American History on Facebook" xmlUrl="http://fetchrss.com/rss/62522f198386961c3c60007362522dd42abe1f15cd6d1e72.xml" htmlUrl="https://www.facebook.com/gilderlehrman"/>
            <outline type="rss" text="Colson Center" title="Colson Center" xmlUrl="https://www.colsoncenter.org/feed/" htmlUrl="https://www.colsoncenter.org"/>
            <outline type="rss" text="American Thinker" title="American Thinker" xmlUrl="http://feeds.feedburner.com/americanthinker" htmlUrl="https://www.americanthinker.com/"/>
            <outline type="rss" text="Claremont Review of Books" title="Claremont Review of Books" xmlUrl="https://claremontreviewofbooks.com/feed/" htmlUrl="https://claremontreviewofbooks.com"/>
            <outline type="rss" text="Civics Alliance" title="Civics Alliance" xmlUrl="https://civicsalliance.org/feed/" htmlUrl="https://civicsalliance.org"/>
            <outline type="rss" text="Tea Party Patriots" title="Tea Party Patriots" xmlUrl="https://www.teapartypatriots.org/feed" htmlUrl="https://www.teapartypatriots.org"/>
            <outline type="rss" text="American Greatness" title="American Greatness" xmlUrl="http://amgreatness.com/feed/" htmlUrl="https://amgreatness.com"/>
        </outline>
    </body>
</opml>
